número,nome,profissão
1,Pedro Souza,Desenvolvedor
2,Luísa Rodrigues,Agricultor
3,Fernanda Almeida,Piloto
4,Fernanda Silva,Desenvolvedor
5,Fernanda Souza,Cientista
6,Ana Souza,Policial
7,Pedro Santos,Cientista
8,Fernanda Pereira,Veterinário
9,Carlos Souza,Contador
10,Pedro Lima,Advogado
11,Ana Pereira,Músico
12,Ana Almeida,Outros
13,Rafael Rodrigues,Músico
14,Rafael Martins,Enfermeiro
15,Fernanda Costa,Engenheiro
16,João Silva,Policial
17,Pedro Martins,Professor
18,Ana Silva,Arquiteto
19,Fernanda Lima,Desenvolvedor
20,Fernanda Rodrigues,Cientista
21,Pedro Martins,Policial
22,Luísa Lima,Arquiteto
23,Luísa Pereira,Jornalista
24,Luísa Santos,Outros
25,Pedro Almeida,Cientista
26,Ana Souza,Agricultor
27,Luísa Santos,Agricultor
28,Sofia Oliveira,Arquiteto
29,João Almeida,Designer
30,Rafael Costa,Policial
31,Fernanda Almeida,Piloto
32,Pedro Souza,Psicólogo
33,Sofia Costa,Engenheiro
34,Luísa Costa,Chef
35,João Silva,Psicólogo
36,João Rodrigues,Enfermeiro
37,Luísa Santos,Agricultor
38,Luísa Silva,Piloto
39,Carlos Santos,Engenheiro
40,Gabriel Almeida,Médico
41,Ana Costa,Policial
42,Rafael Lima,Engenheiro
43,Luísa Rodrigues,Músico
44,Rafael Souza,Médico
45,Maria Costa,Professor
46,Maria Martins,Arquiteto
47,Maria Oliveira,Advogado
48,Maria Almeida,Agricultor
49,Fernanda Pereira,Engenheiro
50,Sofia Rodrigues,Desenvolvedor
51,Carlos Oliveira,Jornalista
52,Gabriel Costa,Engenheiro
53,Fernanda Almeida,Músico
54,Fernanda Oliveira,Agricultor
55,Rafael Costa,Cientista
56,Carlos Silva,Psicólogo
57,Pedro Pereira,Fotógrafo
58,Carlos Silva,Músico
59,Rafael Silva,Designer
60,João Pereira,Agricultor
61,Sofia Pereira,Arquiteto
62,Rafael Oliveira,Psicólogo
63,Rafael Rodrigues,Cientista
64,Luísa Pereira,Piloto
65,Fernanda Silva,Enfermeiro
66,Fernanda Pereira,Piloto
67,Luísa Pereira,Professor
68,Luísa Oliveira,Médico
69,Luísa Pereira,Arquiteto
70,Fernanda Santos,Outros
71,Luísa Oliveira,Enfermeiro
72,Maria Almeida,Psicólogo
73,Maria Almeida,Piloto
74,Rafael Silva,Arquiteto
75,Gabriel Santos,Advogado
76,Sofia Costa,Veterinário
77,Gabriel Costa,Veterinário
78,Carlos Silva,Psicólogo
79,Pedro Martins,Jornalista
80,Maria Santos,Agricultor
81,Rafael Silva,Professor
82,Gabriel Costa,Professor
83,Fernanda Santos,Músico
84,João Oliveira,Agricultor
85,Gabriel Silva,Fotógrafo
86,Gabriel Souza,Jornalista
87,Fernanda Oliveira,Policial
88,Ana Santos,Contador
89,Luísa Pereira,Advogado
90,Gabriel Oliveira,Arquiteto
91,Maria Almeida,Agricultor
92,Pedro Silva,Músico
93,Pedro Costa,Policial
94,João Rodrigues,Cientista
95,Gabriel Almeida,Outros
96,Rafael Rodrigues,Designer
97,Sofia Pereira,Desenvolvedor
98,Fernanda Souza,Outros
99,Luísa Souza,Outros
100,João Almeida,Professor
101,João Martins,Psicólogo
102,Pedro Santos,Engenheiro
103,Maria Rodrigues,Fotógrafo
104,Maria Lima,Jornalista
105,Fernanda Silva,Piloto
106,Carlos Lima,Jornalista
107,João Pereira,Veterinário
108,Sofia Pereira,Músico
109,Ana Santos,Professor
110,Fernanda Rodrigues,Contador
111,Pedro Almeida,Arquiteto
112,Pedro Souza,Arquiteto
113,Gabriel Souza,Advogado
114,Pedro Lima,Psicólogo
115,João Martins,Piloto
116,Gabriel Pereira,Professor
117,Maria Almeida,Piloto
118,João Santos,Outros
119,Gabriel Santos,Veterinário
120,Carlos Silva,Médico
121,Maria Santos,Policial
122,Pedro Martins,Enfermeiro
123,Gabriel Souza,Enfermeiro
124,João Souza,Agricultor
125,Luísa Costa,Advogado
126,Carlos Santos,Jornalista
127,Rafael Oliveira,Jornalista
128,Sofia Pereira,Arquiteto
129,Rafael Almeida,Contador
130,Maria Costa,Designer
131,Gabriel Santos,Designer
132,Pedro Almeida,Veterinário
133,Sofia Souza,Fotógrafo
134,Rafael Almeida,Piloto
135,João Almeida,Enfermeiro
136,Maria Martins,Desenvolvedor
137,Luísa Silva,Outros
138,Ana Almeida,Outros
139,Luísa Oliveira,Designer
140,Maria Martins,Outros
141,Ana Martins,Outros
142,João Santos,Policial
143,Fernanda Silva,Engenheiro
144,Maria Pereira,Outros
145,Luísa Souza,Cientista
146,João Silva,Cientista
147,Pedro Almeida,Engenheiro
148,Ana Santos,Fotógrafo
149,Luísa Oliveira,Arquiteto
150,Sofia Rodrigues,Jornalista
151,Rafael Almeida,Médico
152,Gabriel Silva,Desenvolvedor
153,Ana Oliveira,Veterinário
154,Pedro Rodrigues,Designer
155,Gabriel Lima,Advogado
156,Fernanda Lima,Agricultor
157,Sofia Martins,Psicólogo
158,Ana Martins,Professor
159,João Oliveira,Enfermeiro
160,Fernanda Silva,Músico
161,Maria Lima,Policial
162,Luísa Pereira,Fotógrafo
163,Gabriel Oliveira,Arquiteto
164,Rafael Santos,Engenheiro
165,João Almeida,Piloto
166,Maria Rodrigues,Contador
167,Gabriel Silva,Arquiteto
168,Gabriel Rodrigues,Enfermeiro
169,João Santos,Psicólogo
170,Fernanda Silva,Cientista
171,Maria Costa,Músico
172,João Souza,Chef
173,Sofia Martins,Chef
174,Luísa Souza,Piloto
175,Luísa Almeida,Agricultor
176,Rafael Silva,Veterinário
177,João Lima,Psicólogo
178,Maria Lima,Cientista
179,Rafael Costa,Designer
180,Pedro Souza,Policial
181,Gabriel Costa,Professor
182,Gabriel Pereira,Fotógrafo
183,Maria Santos,Enfermeiro
184,Luísa Silva,Músico
185,João Lima,Agricultor
186,Carlos Lima,Agricultor
187,Luísa Almeida,Advogado
188,João Oliveira,Designer
189,Carlos Costa,Chef
190,Fernanda Lima,Médico
191,Luísa Costa,Chef
192,Gabriel Lima,Outros
193,Ana Almeida,Chef
194,Rafael Rodrigues,Advogado
195,Carlos Almeida,Contador
196,Rafael Souza,Jornalista
197,Maria Souza,Engenheiro
198,Sofia Lima,Médico
199,Maria Pereira,Veterinário
200,Pedro Pereira,Arquiteto
201,Sofia Souza,Desenvolvedor
202,Carlos Martins,Engenheiro
203,Carlos Silva,Jornalista
204,Maria Lima,Cientista
205,Gabriel Silva,Psicólogo
206,Ana Almeida,Médico
207,Luísa Silva,Médico
208,Luísa Pereira,Professor
209,Pedro Oliveira,Designer
210,Fernanda Silva,Arquiteto
211,Luísa Costa,Professor
212,Maria Lima,Outros
213,Sofia Martins,Fotógrafo
214,Pedro Martins,Músico
215,João Santos,Desenvolvedor
216,Fernanda Almeida,Contador
217,Pedro Silva,Fotógrafo
218,Rafael Martins,Cientista
219,Maria Martins,Arquiteto
220,Luísa Souza,Agricultor
221,Rafael Rodrigues,Desenvolvedor
222,João Souza,Desenvolvedor
223,Ana Oliveira,Arquiteto
224,Carlos Costa,Fotógrafo
225,Carlos Silva,Contador
226,Fernanda Lima,Piloto
227,Ana Martins,Cientista
228,Carlos Souza,Cientista
229,Ana Santos,Outros
230,Pedro Silva,Piloto
231,João Lima,Outros
232,Carlos Martins,Designer
233,Rafael Santos,Engenheiro
234,João Almeida,Contador
235,Gabriel Santos,Cientista
236,Fernanda Pereira,Policial
237,Ana Almeida,Outros
238,João Almeida,Jornalista
239,Fernanda Silva,Jornalista
240,Ana Santos,Contador
241,Rafael Souza,Fotógrafo
242,Luísa Almeida,Enfermeiro
243,Carlos Martins,Veterinário
244,João Martins,Psicólogo
245,João Silva,Chef
246,João Almeida,Fotógrafo
247,Gabriel Martins,Engenheiro
248,João Almeida,Enfermeiro
249,Luísa Rodrigues,Jornalista
250,Carlos Pereira,Veterinário
251,João Costa,Piloto
252,João Silva,Outros
253,Luísa Silva,Advogado
254,Rafael Almeida,Engenheiro
255,Sofia Souza,Outros
256,Gabriel Costa,Fotógrafo
257,Maria Martins,Cientista
258,Rafael Almeida,Jornalista
259,Maria Costa,Piloto
260,Carlos Rodrigues,Advogado
261,Fernanda Oliveira,Chef
262,Pedro Souza,Veterinário
263,Sofia Almeida,Enfermeiro
264,Sofia Rodrigues,Chef
265,Fernanda Santos,Psicólogo
266,Carlos Silva,Designer
267,João Costa,Piloto
268,Ana Souza,Jornalista
269,Luísa Martins,Músico
270,Sofia Martins,Outros
271,Luísa Rodrigues,Engenheiro
272,João Silva,Professor
273,Ana Oliveira,Veterinário
274,Rafael Souza,Desenvolvedor
275,Luísa Rodrigues,Cientista
276,Luísa Santos,Fotógrafo
277,Fernanda Souza,Fotógrafo
278,Maria Souza,Cientista
279,Pedro Martins,Veterinário
280,João Lima,Médico
281,Rafael Oliveira,Enfermeiro
282,Ana Souza,Engenheiro
283,Luísa Martins,Psicólogo
284,Rafael Costa,Chef
285,Luísa Almeida,Enfermeiro
286,Ana Costa,Policial
287,Fernanda Rodrigues,Arquiteto
288,Sofia Almeida,Advogado
289,Gabriel Souza,Arquiteto
290,João Rodrigues,Chef
291,Sofia Costa,Professor
292,Pedro Rodrigues,Fotógrafo
293,Luísa Lima,Arquiteto
294,Rafael Silva,Chef
295,Rafael Oliveira,Piloto
296,João Santos,Desenvolvedor
297,Fernanda Rodrigues,Músico
298,Ana Silva,Médico
299,Rafael Lima,Psicólogo
300,Ana Santos,Outros
301,Sofia Silva,Veterinário
302,Carlos Martins,Engenheiro
303,Fernanda Martins,Cientista
304,João Pereira,Engenheiro
305,Fernanda Souza,Veterinário
306,Carlos Silva,Arquiteto
307,Sofia Almeida,Arquiteto
308,João Santos,Médico
309,Pedro Pereira,Agricultor
310,Rafael Pereira,Professor
311,Ana Martins,Arquiteto
312,Pedro Rodrigues,Designer
313,Sofia Pereira,Piloto
314,João Pereira,Médico
315,Sofia Pereira,Cientista
316,Fernanda Oliveira,Veterinário
317,Fernanda Costa,Advogado
318,Sofia Lima,Cientista
319,Pedro Silva,Designer
320,Rafael Oliveira,Outros
321,Maria Almeida,Agricultor
322,Gabriel Rodrigues,Engenheiro
323,João Silva,Designer
324,Gabriel Oliveira,Psicólogo
325,Luísa Costa,Enfermeiro
326,Rafael Santos,Veterinário
327,Luísa Lima,Contador
328,Pedro Almeida,Enfermeiro
329,Rafael Santos,Enfermeiro
330,João Lima,Desenvolvedor
331,João Pereira,Outros
332,Sofia Souza,Psicólogo
333,João Oliveira,Músico
334,Pedro Almeida,Chef
335,Fernanda Souza,Designer
336,Sofia Almeida,Outros
337,Rafael Oliveira,Jornalista
338,Luísa Souza,Jornalista
339,Rafael Silva,Policial
340,Gabriel Santos,Veterinário
341,Rafael Pereira,Designer
342,Gabriel Pereira,Agricultor
343,Carlos Santos,Jornalista
344,Luísa Lima,Outros
345,Sofia Almeida,Fotógrafo
346,Rafael Souza,Chef
347,Maria Silva,Enfermeiro
348,Pedro Rodrigues,Jornalista
349,João Oliveira,Advogado
350,Carlos Santos,Outros
351,Fernanda Lima,Agricultor
352,Fernanda Silva,Piloto
353,Fernanda Santos,Professor
354,Maria Santos,Agricultor
355,Rafael Souza,Desenvolvedor
356,Luísa Rodrigues,Músico
357,Carlos Almeida,Chef
358,Fernanda Oliveira,Engenheiro
359,Fernanda Souza,Cientista
360,Ana Almeida,Outros
361,Maria Costa,Enfermeiro
362,Fernanda Souza,Advogado
363,Rafael Santos,Designer
364,Ana Rodrigues,Designer
365,Rafael Santos,Arquiteto
366,Carlos Souza,Outros
367,Ana Oliveira,Desenvolvedor
368,Pedro Almeida,Engenheiro
369,Sofia Pereira,Contador
370,Fernanda Pereira,Engenheiro
371,Pedro Silva,Outros
372,Fernanda Rodrigues,Advogado
373,Carlos Rodrigues,Outros
374,Sofia Costa,Músico
375,Carlos Oliveira,Outros
376,Ana Martins,Arquiteto
377,Pedro Rodrigues,Policial
378,Fernanda Costa,Outros
379,Ana Pereira,Arquiteto
380,Fernanda Lima,Outros
381,Gabriel Lima,Músico
382,João Lima,Outros
383,Maria Costa,Psicólogo
384,João Santos,Piloto
385,Ana Santos,Jornalista
386,Carlos Martins,Médico
387,Rafael Souza,Policial
388,Fernanda Almeida,Desenvolvedor
389,João Souza,Arquiteto
390,João Souza,Outros
391,Ana Souza,Contador
392,Luísa Souza,Arquiteto
393,Gabriel Souza,Policial
394,João Pereira,Policial
395,Gabriel Oliveira,Policial
396,Sofia Lima,Fotógrafo
397,Ana Pereira,Professor
398,Gabriel Costa,Médico
399,Ana Silva,Cientista
400,Maria Oliveira,Músico
401,Pedro Santos,Agricultor
402,Ana Martins,Contador
403,Fernanda Costa,Policial
404,Carlos Lima,Arquiteto
405,Pedro Lima,Agricultor
406,Luísa Silva,Outros
407,João Martins,Enfermeiro
408,João Almeida,Policial
409,Maria Almeida,Advogado
410,Fernanda Pereira,Jornalista
411,Ana Silva,Engenheiro
412,Sofia Souza,Piloto
413,Carlos Oliveira,Jornalista
414,Maria Costa,Policial
415,Gabriel Souza,Fotógrafo
416,Carlos Santos,Desenvolvedor
417,Carlos Costa,Músico
418,Luísa Costa,Outros
419,João Souza,Chef
420,Maria Almeida,Chef
421,Pedro Souza,Fotógrafo
422,Rafael Pereira,Contador
423,Maria Souza,Engenheiro
424,Luísa Oliveira,Fotógrafo
425,Gabriel Pereira,Veterinário
426,Pedro Silva,Designer
427,Pedro Martins,Desenvolvedor
428,Carlos Silva,Professor
429,Maria Almeida,Jornalista
430,Pedro Pereira,Advogado
431,Sofia Costa,Médico
432,Ana Costa,Fotógrafo
433,Fernanda Oliveira,Piloto
434,Ana Lima,Jornalista
435,Ana Oliveira,Veterinário
436,Maria Santos,Enfermeiro
437,Gabriel Almeida,Designer
438,Pedro Martins,Professor
439,Rafael Pereira,Veterinário
440,Ana Oliveira,Designer
441,Maria Pereira,Designer
442,Maria Santos,Médico
443,Maria Martins,Agricultor
444,Rafael Silva,Outros
445,João Silva,Chef
446,Gabriel Santos,Psicólogo
447,Luísa Rodrigues,Policial
448,Maria Santos,Chef
449,Pedro Almeida,Piloto
450,Maria Martins,Engenheiro
451,Pedro Souza,Policial
452,Carlos Rodrigues,Médico
453,Maria Silva,Enfermeiro
454,Rafael Pereira,Arquiteto
455,Carlos Almeida,Contador
456,Carlos Martins,Jornalista
457,Maria Santos,Chef
458,Gabriel Costa,Professor
459,Gabriel Oliveira,Contador
460,Rafael Souza,Arquiteto
461,Gabriel Souza,Agricultor
462,Ana Lima,Policial
463,Sofia Souza,Enfermeiro
464,Carlos Lima,Enfermeiro
465,Gabriel Souza,Piloto
466,Pedro Lima,Policial
467,Luísa Santos,Jornalista
468,Luísa Lima,Fotógrafo
469,Rafael Lima,Desenvolvedor
470,Pedro Costa,Contador
471,Sofia Souza,Enfermeiro
472,Gabriel Pereira,Músico
473,Sofia Costa,Piloto
474,Ana Rodrigues,Policial
475,Luísa Almeida,Psicólogo
476,Sofia Lima,Outros
477,João Oliveira,Advogado
478,Luísa Souza,Chef
479,Pedro Silva,Arquiteto
480,João Costa,Piloto
481,Pedro Souza,Contador
482,Luísa Souza,Designer
483,Fernanda Silva,Agricultor
484,Fernanda Lima,Agricultor
485,João Almeida,Arquiteto
486,Luísa Santos,Professor
487,Sofia Santos,Designer
488,Rafael Oliveira,Fotógrafo
489,Gabriel Lima,Engenheiro
490,Luísa Rodrigues,Outros
491,Rafael Costa,Designer
492,Sofia Silva,Chef
493,Carlos Almeida,Outros
494,Ana Oliveira,Outros
495,Maria Almeida,Arquiteto
496,Carlos Almeida,Jornalista
497,Rafael Pereira,Engenheiro
498,Pedro Martins,Engenheiro
499,Gabriel Souza,Enfermeiro
500,Carlos Lima,Psicólogo
501,Gabriel Oliveira,Psicólogo
502,Sofia Costa,Contador
503,Sofia Martins,Psicólogo
504,Carlos Pereira,Desenvolvedor
505,Ana Souza,Músico
506,Sofia Souza,Jornalista
507,Rafael Pereira,Outros
508,Rafael Pereira,Músico
509,João Oliveira,Jornalista
510,Maria Oliveira,Arquiteto
511,Pedro Lima,Outros
512,Sofia Rodrigues,Policial
513,Rafael Silva,Outros
514,João Costa,Agricultor
515,Fernanda Santos,Médico
516,Ana Santos,Outros
517,João Rodrigues,Outros
518,Carlos Costa,Fotógrafo
519,Rafael Lima,Desenvolvedor
520,Rafael Souza,Contador
521,Maria Costa,Advogado
522,João Silva,Contador
523,Sofia Silva,Médico
524,Gabriel Pereira,Chef
525,Ana Santos,Professor
526,Gabriel Pereira,Agricultor
527,Maria Rodrigues,Cientista
528,Carlos Santos,Chef
529,Fernanda Almeida,Designer
530,Ana Rodrigues,Engenheiro
531,Gabriel Rodrigues,Chef
532,Fernanda Souza,Professor
533,Carlos Silva,Policial
534,Pedro Martins,Músico
535,Fernanda Silva,Cientista
536,Carlos Costa,Professor
537,Luísa Almeida,Outros
538,Gabriel Rodrigues,Cientista
539,Rafael Silva,Desenvolvedor
540,Fernanda Rodrigues,Contador
541,Rafael Lima,Desenvolvedor
542,Gabriel Martins,Piloto
543,Fernanda Oliveira,Psicólogo
544,Fernanda Souza,Agricultor
545,Gabriel Almeida,Psicólogo
546,Rafael Martins,Outros
547,Maria Santos,Advogado
548,Fernanda Almeida,Psicólogo
549,Ana Almeida,Arquiteto
550,Pedro Martins,Enfermeiro
551,Luísa Souza,Engenheiro
552,Ana Rodrigues,Engenheiro
553,João Santos,Contador
554,Luísa Rodrigues,Contador
555,Luísa Pereira,Engenheiro
556,Carlos Martins,Advogado
557,Rafael Costa,Policial
558,Rafael Almeida,Jornalista
559,Gabriel Martins,Advogado
560,Pedro Costa,Piloto
561,Pedro Santos,Músico
562,Carlos Souza,Cientista
563,Rafael Costa,Policial
564,Pedro Santos,Piloto
565,Sofia Costa,Arquiteto
566,Ana Silva,Policial
567,Maria Oliveira,Jornalista
568,Fernanda Martins,Músico
569,Carlos Rodrigues,Desenvolvedor
570,João Silva,Psicólogo
571,Sofia Lima,Músico
572,Sofia Silva,Advogado
573,Carlos Santos,Jornalista
574,Sofia Pereira,Desenvolvedor
575,Sofia Silva,Desenvolvedor
576,Luísa Lima,Outros
577,Luísa Almeida,Agricultor
578,Sofia Costa,Músico
579,Maria Costa,Enfermeiro
580,Pedro Almeida,Outros
581,João Costa,Policial
582,Luísa Oliveira,Fotógrafo
583,Luísa Lima,Professor
584,Sofia Lima,Contador
585,Rafael Souza,Chef
586,Carlos Martins,Músico
587,Maria Almeida,Designer
588,Fernanda Pereira,Contador
589,Rafael Pereira,Fotógrafo
590,Sofia Oliveira,Fotógrafo
591,Ana Santos,Professor
592,Gabriel Martins,Outros
593,João Rodrigues,Desenvolvedor
594,Luísa Almeida,Piloto
595,Fernanda Martins,Policial
596,Luísa Souza,Professor
597,João Rodrigues,Policial
598,Fernanda Almeida,Outros
599,João Souza,Piloto
600,Rafael Lima,Cientista
601,João Silva,Policial
602,Pedro Lima,Chef
603,Carlos Souza,Veterinário
604,Sofia Almeida,Designer
605,Ana Pereira,Fotógrafo
606,Fernanda Almeida,Enfermeiro
607,Maria Silva,Advogado
608,Gabriel Almeida,Fotógrafo
609,Maria Martins,Psicólogo
610,Carlos Lima,Professor
611,Carlos Souza,Designer
612,Carlos Pereira,Advogado
613,Rafael Almeida,Cientista
614,Ana Costa,Piloto
615,Gabriel Souza,Professor
616,Fernanda Souza,Veterinário
617,Luísa Pereira,Outros
618,Gabriel Oliveira,Enfermeiro
619,Rafael Almeida,Designer
620,Rafael Souza,Piloto
621,Ana Santos,Jornalista
622,Gabriel Silva,Enfermeiro
623,Maria Santos,Jornalista
624,Fernanda Costa,Outros
625,Luísa Souza,Engenheiro
626,Maria Rodrigues,Advogado
627,Fernanda Pereira,Veterinário
628,Carlos Souza,Outros
629,Ana Silva,Cientista
630,Carlos Oliveira,Veterinário
631,Maria Souza,Outros
632,Pedro Lima,Arquiteto
633,Maria Martins,Chef
634,João Silva,Fotógrafo
635,Carlos Martins,Contador
636,Luísa Oliveira,Chef
637,Carlos Rodrigues,Fotógrafo
638,Ana Pereira,Chef
639,João Pereira,Policial
640,Rafael Almeida,Outros
641,Pedro Oliveira,Agricultor
642,Pedro Souza,Contador
643,Pedro Lima,Agricultor
644,Sofia Souza,Policial
645,Pedro Silva,Arquiteto
646,João Almeida,Psicólogo
647,Pedro Pereira,Cientista
648,Rafael Silva,Enfermeiro
649,Maria Rodrigues,Desenvolvedor
650,Ana Pereira,Veterinário
651,Fernanda Pereira,Contador
652,Sofia Costa,Engenheiro
653,Sofia Lima,Advogado
654,Gabriel Oliveira,Outros
655,Ana Martins,Desenvolvedor
656,Maria Martins,Outros
657,Rafael Santos,Engenheiro
658,Pedro Souza,Advogado
659,Carlos Rodrigues,Professor
660,Rafael Pereira,Policial
661,Fernanda Pereira,Policial
662,Luísa Almeida,Músico
663,Fernanda Martins,Outros
664,Rafael Costa,Contador
665,Gabriel Martins,Enfermeiro
666,Sofia Silva,Contador
667,Luísa Martins,Veterinário
668,Maria Pereira,Contador
669,Maria Souza,Outros
670,Fernanda Rodrigues,Enfermeiro
671,Sofia Lima,Engenheiro
672,Pedro Almeida,Advogado
673,Gabriel Oliveira,Designer
674,João Oliveira,Veterinário
675,Sofia Rodrigues,Piloto
676,Luísa Lima,Piloto
677,Fernanda Martins,Arquiteto
678,Maria Almeida,Cientista
679,Ana Oliveira,Desenvolvedor
680,Luísa Silva,Médico
681,Rafael Lima,Fotógrafo
682,Carlos Silva,Designer
683,Gabriel Pereira,Desenvolvedor
684,Sofia Martins,Advogado
685,Maria Rodrigues,Chef
686,Rafael Silva,Outros
687,Maria Oliveira,Desenvolvedor
688,Sofia Almeida,Cientista
689,Carlos Souza,Advogado
690,João Almeida,Agricultor
691,Fernanda Silva,Agricultor
692,Pedro Almeida,Músico
693,Luísa Costa,Engenheiro
694,Fernanda Lima,Agricultor
695,Fernanda Costa,Advogado
696,Carlos Lima,Piloto
697,Sofia Costa,Piloto
698,Pedro Silva,Jornalista
699,Carlos Silva,Enfermeiro
700,Carlos Pereira,Outros
701,Rafael Souza,Piloto
702,João Costa,Policial
703,Ana Costa,Músico
704,Fernanda Pereira,Veterinário
705,João Souza,Piloto
706,Pedro Rodrigues,Desenvolvedor
707,Gabriel Martins,Agricultor
708,Pedro Lima,Músico
709,Carlos Lima,Cientista
710,Carlos Souza,Fotógrafo
711,Maria Oliveira,Policial
712,João Silva,Advogado
713,Carlos Martins,Advogado
714,João Rodrigues,Contador
715,Fernanda Souza,Contador
716,João Souza,Piloto
717,Maria Almeida,Outros
718,Gabriel Almeida,Veterinário
719,Fernanda Lima,Piloto
720,Carlos Costa,Outros
721,João Almeida,Veterinário
722,Sofia Silva,Jornalista
723,Fernanda Silva,Professor
724,Luísa Almeida,Médico
725,Carlos Santos,Professor
726,João Santos,Psicólogo
727,Pedro Rodrigues,Músico
728,Pedro Rodrigues,Fotógrafo
729,Gabriel Oliveira,Outros
730,Maria Rodrigues,Médico
731,Rafael Santos,Professor
732,Carlos Oliveira,Médico
733,Pedro Souza,Enfermeiro
734,Pedro Almeida,Arquiteto
735,Rafael Martins,Médico
736,Maria Oliveira,Outros
737,Maria Silva,Cientista
738,Gabriel Rodrigues,Advogado
739,Luísa Lima,Arquiteto
740,Rafael Martins,Policial
741,Sofia Martins,Contador
742,Luísa Souza,Engenheiro
743,Pedro Santos,Contador
744,Gabriel Costa,Chef
745,Pedro Souza,Músico
746,Luísa Santos,Engenheiro
747,Pedro Oliveira,Jornalista
748,Gabriel Costa,Professor
749,Maria Almeida,Arquiteto
750,Luísa Lima,Outros
751,Sofia Rodrigues,Músico
752,Maria Silva,Enfermeiro
753,João Pereira,Psicólogo
754,Rafael Costa,Contador
755,Carlos Souza,Médico
756,Ana Costa,Outros
757,Luísa Almeida,Piloto
758,Gabriel Oliveira,Arquiteto
759,Pedro Souza,Outros
760,Carlos Oliveira,Cientista
761,Maria Martins,Desenvolvedor
762,Carlos Souza,Músico
763,Rafael Lima,Desenvolvedor
764,Ana Lima,Músico
765,Pedro Lima,Jornalista
766,Maria Rodrigues,Agricultor
767,Maria Souza,Designer
768,Carlos Souza,Advogado
769,João Oliveira,Policial
770,Fernanda Oliveira,Enfermeiro
771,Fernanda Santos,Piloto
772,Pedro Santos,Engenheiro
773,João Souza,Músico
774,João Martins,Outros
775,Rafael Santos,Músico
776,Luísa Pereira,Professor
777,João Pereira,Desenvolvedor
778,Luísa Lima,Músico
779,Gabriel Rodrigues,Outros
780,Gabriel Rodrigues,Outros
781,Rafael Martins,Músico
782,Luísa Costa,Fotógrafo
783,Fernanda Silva,Policial
784,Sofia Almeida,Cientista
785,Rafael Santos,Veterinário
786,João Lima,Advogado
787,Sofia Pereira,Fotógrafo
788,Pedro Rodrigues,Professor
789,Luísa Souza,Outros
790,Carlos Silva,Desenvolvedor
791,Pedro Santos,Outros
792,Pedro Oliveira,Chef
793,Luísa Oliveira,Chef
794,Ana Souza,Jornalista
795,Rafael Pereira,Psicólogo
796,Rafael Souza,Advogado
797,Ana Oliveira,Professor
798,Sofia Silva,Outros
799,Fernanda Martins,Professor
800,Sofia Lima,Piloto
